<?xml version="1.0" encoding="UTF-8"?>
<GenRun Id="synth_1" LaunchPart="xc7z020clg400-1" LaunchTime="1739713380">
  <File Type="PA-TCL" Name="binary2bcd_double_dabble.tcl"/>
  <File Type="RDS-PROPCONSTRS" Name="binary2bcd_double_dabble_drc_synth.rpt"/>
  <File Type="REPORTS-TCL" Name="binary2bcd_double_dabble_reports.tcl"/>
  <File Type="RDS-RDS" Name="binary2bcd_double_dabble.vds"/>
  <File Type="RDS-UTIL" Name="binary2bcd_double_dabble_utilization_synth.rpt"/>
  <File Type="RDS-UTIL-PB" Name="binary2bcd_double_dabble_utilization_synth.pb"/>
  <File Type="RDS-DCP" Name="binary2bcd_double_dabble.dcp"/>
  <File Type="VDS-TIMINGSUMMARY" Name="binary2bcd_double_dabble_timing_summary_synth.rpt"/>
  <File Type="VDS-TIMING-PB" Name="binary2bcd_double_dabble_timing_summary_synth.pb"/>
  <FileSet Name="sources" Type="DesignSrcs" RelSrcDir="$PSRCDIR/sources_1" RelGenDir="$PGENDIR/sources_1">
    <Filter Type="Srcs"/>
    <File Path="$PPRDIR/../Downloads/binary2bcd_double_dabble.v">
      <FileInfo>
        <Attr Name="UsedIn" Val="synthesis"/>
        <Attr Name="UsedIn" Val="implementation"/>
        <Attr Name="UsedIn" Val="simulation"/>
      </FileInfo>
    </File>
    <Config>
      <Option Name="DesignMode" Val="RTL"/>
      <Option Name="TopModule" Val="binary2bcd_double_dabble"/>
      <Option Name="TopAutoSet" Val="TRUE"/>
    </Config>
  </FileSet>
  <FileSet Name="constrs_in" Type="Constrs" RelSrcDir="$PSRCDIR/constrs_1">
    <Filter Type="Constrs"/>
    <File Path="$PSRCDIR/constrs_1/new/constraints.xdc">
      <FileInfo>
        <Attr Name="UsedIn" Val="synthesis"/>
        <Attr Name="UsedIn" Val="implementation"/>
      </FileInfo>
    </File>
    <Config>
      <Option Name="ConstrsType" Val="XDC"/>
    </Config>
  </FileSet>
  <FileSet Name="utils" Type="Utils" RelSrcDir="$PSRCDIR/utils_1">
    <Filter Type="Utils"/>
    <Config>
      <Option Name="TopAutoSet" Val="TRUE"/>
    </Config>
  </FileSet>
  <Strategy Version="1" Minor="2">
    <StratHandle Name="Vivado Synthesis Defaults" Flow="Vivado Synthesis 2020"/>
    <Step Id="synth_design"/>
  </Strategy>
</GenRun>
